TYPE;VEHICLE_ID;CAPACITY;MAX_NUM_STOPS;COSTS [MU/km];COSTS [MU/USAGE];X_COORD;Y_COORD
COACH;C1;20;3;10;0;2.00000;2.00000
COACH;C2;25;3;11;0;2.00000;2.00000
COACH;C3;30;3;12;0;5.00000;4.00000
SHUTTLE;S1;3;-1;2;10;1.00000;5.00000
SHUTTLE;S2;3;-1;2;10;0.00000;9.00000
SHUTTLE;S3;4;-1;3;10;7.00000;6.00000
SHUTTLE;S4;4;-1;3;10;7.00000;5.00000
SHUTTLE;S5;8;-1;4;20;7.00000;5.00000
SHUTTLE;S6;8;-1;4;20;7.00000;4.00000
